Type,Haplotype,Clone,tool,AUROC,AUPRC,Accuracy,Precision,Recall,F1 Score,Kappa,Brier Score,Specificity,PPV,NPV
CN_Gain,minor,normal,chisel_5x_acCNA,,,1.0,0.0,0.0,0.0,,0.0,,,
CN_Gain,minor,clone1,chisel_5x_acCNA,0.5059139643318142,0.20722877840823306,0.7614035087719299,0.14457831325301204,0.15584415584415584,0.15000000000000002,0.011451452472646562,0.23859649122807017,0.8559837728194726,0.14457831325301204,0.86652977412731
CN_Gain,minor,clone2,chisel_5x_acCNA,0.5455930911861824,0.2343838426711941,0.8210526315789474,0.1875,0.1935483870967742,0.19047619047619047,0.08991296725314624,0.17894736842105263,0.8976377952755905,0.1875,0.9011857707509882
CN_Gain,minor,clone3,chisel_5x_acCNA,0.5235458797753395,0.3574617403268866,0.6505263157894737,0.26286509040333794,0.2885496183206107,0.27510917030567683,0.04553111791823161,0.3494736842105263,0.7585421412300684,0.26286509040333794,0.7813233223838574
CN_Gain,minor,clone4,chisel_5x_acCNA,0.49791313421155603,0.30041279669762644,0.6508771929824562,0.20588235294117646,0.23529411764705882,0.2196078431372549,-0.003965233400010648,0.34912280701754383,0.7605321507760532,0.20588235294117646,0.7903225806451613
CN_Gain,minor,clone5,chisel_5x_acCNA,0.5442671520690924,0.3471455186639164,0.6964912280701754,0.2619047619047619,0.2920353982300885,0.27615062761506276,0.08485995879503316,0.30350877192982456,0.7964989059080962,0.2619047619047619,0.8198198198198198
CN_Gain,minor,clone6,chisel_5x_acCNA,0.5243188919182471,0.31239622435787606,0.6894736842105263,0.22580645161290322,0.25688073394495414,0.24034334763948498,0.046209986953808846,0.3105263157894737,0.7917570498915402,0.22580645161290322,0.8183856502242153
CN_Gain,minor,clone7,chisel_5x_acCNA,0.5268817204301075,0.31111341345489707,0.6912280701754386,0.2204724409448819,0.26666666666666666,0.2413793103448276,0.04973003694231304,0.3087719298245614,0.7870967741935484,0.2204724409448819,0.8261851015801355
CN_Gain,minor,clone8,chisel_5x_acCNA,0.5180837977797689,0.4277512088406442,0.58,0.30341023069207623,0.37577639751552794,0.3357380688124306,0.03372864697368383,0.42,0.6603911980440098,0.30341023069207623,0.7288181327576903
CN_Gain,minor,clone9,chisel_5x_acCNA,0.4998056743101438,0.3821878956200869,0.5894736842105263,0.27167630057803466,0.3032258064516129,0.2865853658536585,-0.0003750093752343808,0.4105263157894737,0.6963855421686747,0.27167630057803466,0.7279596977329975
CN_Gain,major,normal,chisel_5x_acCNA,,,1.0,0.0,0.0,0.0,,0.0,,,
CN_Gain,major,clone1,chisel_5x_acCNA,0.5124452881927966,0.3291358240562647,0.6614035087719298,0.24603174603174602,0.24031007751937986,0.24313725490196078,0.025097038336789557,0.3385964912280702,0.7845804988662132,0.24603174603174602,0.7792792792792793
CN_Gain,major,clone2,chisel_5x_acCNA,0.544296788482835,0.37111383108935125,0.6894736842105263,0.3,0.27906976744186046,0.2891566265060241,0.09083536090835365,0.3105263157894737,0.8095238095238095,0.3,0.7933333333333333
CN_Gain,major,clone3,chisel_5x_acCNA,0.5327870961103107,0.5417585016975566,0.5578947368421052,0.4386792452830189,0.41150442477876104,0.4246575342465753,0.06627837437270856,0.4421052631578947,0.6540697674418605,0.4386792452830189,0.6284916201117319
CN_Gain,major,clone4,chisel_5x_acCNA,0.5207519627569337,0.5142929523058194,0.5491228070175439,0.39908256880733944,0.4084507042253521,0.40371229698375866,0.04130835983822212,0.45087719298245615,0.6330532212885154,0.39908256880733944,0.6420454545454546
CN_Gain,major,clone5,chisel_5x_acCNA,0.5204894415346591,0.5372975909404316,0.5421052631578948,0.42727272727272725,0.4104803493449782,0.4187082405345211,0.041245086034671696,0.45789473684210524,0.6304985337243402,0.42727272727272725,0.6142857142857143
CN_Gain,major,clone6,chisel_5x_acCNA,0.5249264937519689,0.5104644576607194,0.5614035087719298,0.4090909090909091,0.37850467289719625,0.3932038834951457,0.05060761112887746,0.43859649122807015,0.6713483146067416,0.4090909090909091,0.6424731182795699
CN_Gain,major,clone7,chisel_5x_acCNA,0.5325589744259213,0.5253281732765569,0.5647368421052632,0.42366224840451644,0.3976958525345622,0.4102685999524601,0.0658959583389479,0.43526315789473685,0.6674220963172804,0.42366224840451644,0.6431886431886432
CN_Gain,major,clone8,chisel_5x_acCNA,0.5382640782929569,0.6950928044749555,0.543859649122807,0.5555555555555556,0.6521739130434783,0.6,0.0772219524040797,0.45614035087719296,0.42435424354243545,0.5555555555555556,0.5251141552511416
CN_Gain,major,clone9,chisel_5x_acCNA,0.519298245614035,0.6443469785575049,0.519298245614035,0.5185185185185185,0.5403508771929825,0.5292096219931272,0.038596491228070184,0.4807017543859649,0.4982456140350877,0.5185185185185185,0.5201465201465202
CN_Neutral,minor,normal,chisel_5x_acCNA,,,1.0,1.0,1.0,1.0,,0.0,,,
CN_Neutral,minor,clone1,chisel_5x_acCNA,0.493307288330985,0.8333499625841856,0.6070175438596491,0.7368421052631579,0.7298578199052133,0.7333333333333334,-0.01326899879372756,0.3929824561403509,0.25675675675675674,0.7368421052631579,0.25
CN_Neutral,minor,clone2,chisel_5x_acCNA,0.5155240372189196,0.8447668331825542,0.6333333333333333,0.7517564402810304,0.7570754716981132,0.7544065804935369,0.0312586400377316,0.36666666666666664,0.273972602739726,0.7517564402810304,0.27972027972027974
CN_Neutral,minor,clone3,chisel_5x_acCNA,0.5366023156011357,0.7528328339321716,0.5628070175438596,0.6400898371701291,0.6532951289398281,0.6466250709018718,0.0736446140642405,0.43719298245614036,0.41990950226244345,0.6400898371701291,0.43405051449953225
CN_Neutral,minor,clone4,chisel_5x_acCNA,0.5037918954107998,0.7597258374932141,0.543859649122807,0.6465753424657534,0.6430517711171662,0.6448087431693988,0.007567133194937292,0.45614035087719296,0.3645320197044335,0.6465753424657534,0.36097560975609755
CN_Neutral,minor,clone5,chisel_5x_acCNA,0.5062561415001638,0.7467601571940656,0.5403508771929825,0.6273972602739726,0.6450704225352113,0.6361111111111111,0.012628099173553675,0.45964912280701753,0.3674418604651163,0.6273972602739726,0.3853658536585366
CN_Neutral,minor,clone6,chisel_5x_acCNA,0.5186331279218019,0.7617518927914273,0.5561403508771929,0.6485013623978202,0.6574585635359116,0.6529492455418381,0.037457783236106934,0.443859649122807,0.3798076923076923,0.6485013623978202,0.3891625615763547
CN_Neutral,minor,clone7,chisel_5x_acCNA,0.54230789501423,0.7673052817282842,0.5736842105263158,0.6592797783933518,0.664804469273743,0.6620305980528512,0.08486065779563146,0.4263157894736842,0.419811320754717,0.6592797783933518,0.4258373205741627
CN_Neutral,minor,clone8,chisel_5x_acCNA,0.5294334868900443,0.6729750029578891,0.5308771929824562,0.5558882235528942,0.5551495016611295,0.5555186170212766,0.058862321149386165,0.4691228070175439,0.5037174721189591,0.5558882235528942,0.5029695619896065
CN_Neutral,minor,clone9,chisel_5x_acCNA,0.5101683159732974,0.6724366961096594,0.5140350877192983,0.5477707006369427,0.5602605863192183,0.5539452495974235,0.020375494806854744,0.48596491228070177,0.4600760456273764,0.5477707006369427,0.47265625
CN_Neutral,major,normal,chisel_5x_acCNA,,,1.0,1.0,1.0,1.0,,0.0,,,
CN_Neutral,major,clone1,chisel_5x_acCNA,0.5120967741935484,0.8566233303098666,0.6491228070175439,0.7671232876712328,0.7741935483870968,0.7706422018348624,0.02444033682480995,0.3508771929824561,0.25,0.7671232876712328,0.25757575757575757
CN_Neutral,major,clone2,chisel_5x_acCNA,0.5347381864623244,0.8654109645035235,0.6719298245614035,0.7792792792792793,0.7954022988505747,0.7872582480091013,0.07111111111111112,0.3280701754385965,0.2740740740740741,0.7792792792792793,0.29365079365079366
CN_Neutral,major,clone3,chisel_5x_acCNA,0.5322588861578431,0.7354602512316669,0.5526315789473685,0.6164772727272727,0.6439169139465876,0.6298984034833092,0.06516509949704785,0.4473684210526316,0.4206008583690987,0.6164772727272727,0.44954128440366975
CN_Neutral,major,clone4,chisel_5x_acCNA,0.5205194805194805,0.742246946846886,0.543859649122807,0.630057803468208,0.6228571428571429,0.6264367816091954,0.04090085425834844,0.45614035087719296,0.41818181818181815,0.630057803468208,0.4107142857142857
CN_Neutral,major,clone5,chisel_5x_acCNA,0.5138456652905685,0.7200391859551691,0.531578947368421,0.5988372093023255,0.6149253731343284,0.6067746686303387,0.02785052698818269,0.46842105263157896,0.4127659574468085,0.5988372093023255,0.42920353982300885
CN_Neutral,major,clone6,chisel_5x_acCNA,0.5157792207792208,0.7461247380746949,0.5473684210526316,0.6256830601092896,0.6542857142857142,0.6396648044692738,0.03199052132701419,0.45263157894736844,0.37727272727272726,0.6256830601092896,0.4068627450980392
CN_Neutral,major,clone7,chisel_5x_acCNA,0.5193710342332097,0.742684252160394,0.5471929824561403,0.6233694143769082,0.6472622478386167,0.6350911918563552,0.0391593648604166,0.45280701754385966,0.3914798206278027,0.6233694143769082,0.41630901287553645
CN_Neutral,major,clone8,chisel_5x_acCNA,0.5435606060606061,0.6050011793247523,0.5526315789473685,0.5211267605633803,0.42045454545454547,0.46540880503144655,0.08829174664107486,0.4473684210526316,0.6666666666666666,0.5211267605633803,0.5714285714285714
CN_Neutral,major,clone9,chisel_5x_acCNA,0.5151313601596276,0.6210602621086969,0.5157894736842106,0.5056179775280899,0.4838709677419355,0.4945054945054945,0.030289581715300162,0.4842105263157895,0.5463917525773195,0.5056179775280899,0.5247524752475248
CN_Loss,minor,normal,chisel_5x_acCNA,,,1.0,0.0,0.0,0.0,,0.0,,,
CN_Loss,minor,clone1,chisel_5x_acCNA,0.5113042987383217,0.1963950752570342,0.7894736842105263,0.14492753623188406,0.14084507042253522,0.14285714285714288,0.022885060426845016,0.21052631578947367,0.8817635270541082,0.14492753623188406,0.8782435129740519
CN_Loss,minor,clone2,chisel_5x_acCNA,0.5304232804232805,0.2561530408299229,0.7701754385964912,0.20253164556962025,0.19047619047619047,0.19631901840490798,0.062382279816168174,0.22982456140350876,0.8703703703703703,0.20253164556962025,0.8615071283095723
CN_Loss,minor,clone3,chisel_5x_acCNA,0.4996527777777777,0.20898078529657474,0.7578947368421053,0.15714285714285714,0.12222222222222222,0.13749999999999998,-0.0007633587786259888,0.24210526315789474,0.8770833333333333,0.15714285714285714,0.842
CN_Loss,minor,clone4,chisel_5x_acCNA,0.5127865961199294,0.22154298790454396,0.7736842105263158,0.17391304347826086,0.14285714285714285,0.1568627450980392,0.027612473220661626,0.22631578947368422,0.8827160493827161,0.17391304347826086,0.8562874251497006
CN_Loss,minor,clone5,chisel_5x_acCNA,0.5409753645047762,0.3069052004545989,0.756140350877193,0.26582278481012656,0.20588235294117646,0.2320441988950276,0.0898752498449239,0.24385964912280703,0.8760683760683761,0.26582278481012656,0.835030549898167
CN_Loss,minor,clone6,chisel_5x_acCNA,0.5322653284436724,0.2863881991130492,0.7543859649122807,0.24050632911392406,0.1919191919191919,0.21348314606741572,0.07012514857023,0.24561403508771928,0.8726114649681529,0.24050632911392406,0.8370672097759674
CN_Loss,minor,clone7,chisel_5x_acCNA,0.5265033002967239,0.291724952911113,0.7385964912280701,0.24390243902439024,0.18691588785046728,0.21164021164021163,0.058237785810915654,0.2614035087719298,0.8660907127429806,0.24390243902439024,0.8217213114754098
CN_Loss,minor,clone8,chisel_5x_acCNA,0.4927849927849928,0.22548036758563073,0.7298245614035088,0.17142857142857143,0.1111111111111111,0.1348314606741573,-0.01667824878387769,0.27017543859649124,0.8744588744588745,0.17142857142857143,0.808
CN_Loss,minor,clone9,chisel_5x_acCNA,0.5415464165464166,0.3195971018577233,0.7456140350877193,0.27710843373493976,0.21296296296296297,0.24083769633507854,0.09117899320445999,0.2543859649122807,0.8701298701298701,0.27710843373493976,0.8254620123203286
CN_Loss,major,normal,chisel_5x_acCNA,,,1.0,0.0,0.0,0.0,,0.0,,,
CN_Loss,major,clone1,chisel_5x_acCNA,0.4946714031971581,0.0061403508771929825,0.9771929824561404,0.0,0.0,0.0,-0.011466011466011672,0.02280701754385965,0.9893428063943162,0.0,0.9875886524822695
CN_Loss,major,clone2,chisel_5x_acCNA,0.4946808510638298,0.005263157894736842,0.9789473684210527,0.0,0.0,0.0,-0.010638297872340274,0.021052631578947368,0.9893617021276596,0.0,0.9893617021276596
CN_Loss,major,clone3,chisel_5x_acCNA,0.4946714031971581,0.0061403508771929825,0.9771929824561404,0.0,0.0,0.0,-0.011466011466011672,0.02280701754385965,0.9893428063943162,0.0,0.9875886524822695
CN_Loss,major,clone4,chisel_5x_acCNA,0.4946714031971581,0.0061403508771929825,0.9771929824561404,0.0,0.0,0.0,-0.011466011466011672,0.02280701754385965,0.9893428063943162,0.0,0.9875886524822695
CN_Loss,major,clone5,chisel_5x_acCNA,0.4946808510638298,0.005263157894736842,0.9789473684210527,0.0,0.0,0.0,-0.010638297872340274,0.021052631578947368,0.9893617021276596,0.0,0.9893617021276596
CN_Loss,major,clone6,chisel_5x_acCNA,0.4946808510638298,0.005263157894736842,0.9789473684210527,0.0,0.0,0.0,-0.010638297872340274,0.021052631578947368,0.9893617021276596,0.0,0.9893617021276596
CN_Loss,major,clone7,chisel_5x_acCNA,0.4946808510638298,0.005263157894736842,0.9789473684210527,0.0,0.0,0.0,-0.010638297872340274,0.021052631578947368,0.9893617021276596,0.0,0.9893617021276596
CN_Loss,major,clone8,chisel_5x_acCNA,0.4946714031971581,0.0061403508771929825,0.9771929824561404,0.0,0.0,0.0,-0.011466011466011672,0.02280701754385965,0.9893428063943162,0.0,0.9875886524822695
CN_Loss,major,clone9,chisel_5x_acCNA,0.4946808510638298,0.005263157894736842,0.9789473684210527,0.0,0.0,0.0,-0.010638297872340274,0.021052631578947368,0.9893617021276596,0.0,0.9893617021276596
CN_equal_2,minor,normal,chisel_5x_acCNA,,,1.0,0.0,0.0,0.0,,0.0,,,
CN_equal_2,minor,clone1,chisel_5x_acCNA,0.5053839364518976,0.15798043276440762,0.8105263157894737,0.1044776119402985,0.12727272727272726,0.11475409836065573,0.009811806337461815,0.18947368421052632,0.883495145631068,0.1044776119402985,0.904572564612326
CN_equal_2,minor,clone2,chisel_5x_acCNA,0.547311320754717,0.18701188455008488,0.8673684210526316,0.14112903225806453,0.175,0.15625,0.0851732336956521,0.13263157894736843,0.919622641509434,0.14112903225806453,0.936587240584166
CN_equal_2,minor,clone3,chisel_5x_acCNA,0.4837550607287449,0.18454176084382737,0.7333333333333333,0.1114519427402863,0.14342105263157895,0.12543153049482164,-0.028973734091524372,0.26666666666666666,0.8240890688259109,0.1114519427402863,0.8621346886912326
CN_equal_2,minor,clone4,chisel_5x_acCNA,0.5106925240215608,0.22200273702158208,0.7315789473684211,0.13043478260869565,0.22058823529411764,0.16393442622950818,0.016465546408029774,0.26842105263157895,0.8007968127490039,0.13043478260869565,0.8835164835164835
CN_equal_2,minor,clone5,chisel_5x_acCNA,0.5420370840741682,0.23640383780155566,0.7894736842105263,0.16279069767441862,0.22580645161290322,0.1891891891891892,0.07186278766825871,0.21052631578947367,0.8582677165354331,0.16279069767441862,0.9008264462809917
CN_equal_2,minor,clone6,chisel_5x_acCNA,0.5252450980392157,0.21067598930060577,0.7807017543859649,0.13565022421524664,0.20166666666666666,0.16219839142091153,0.041565778853914326,0.21929824561403508,0.8488235294117648,0.13565022421524664,0.9003743760399334
CN_equal_2,minor,clone7,chisel_5x_acCNA,0.5241783405172413,0.21464944584427254,0.7631578947368421,0.1262135922330097,0.22413793103448276,0.16149068322981366,0.03598005562376294,0.23684210526315788,0.82421875,0.1262135922330097,0.9036402569593148
CN_equal_2,minor,clone8,chisel_5x_acCNA,0.48073773533559283,0.21044298192946648,0.6950877192982456,0.12292358803986711,0.1783132530120482,0.14552605703048183,-0.032458030923923964,0.3049122807017544,0.7831622176591376,0.12292358803986711,0.8483096085409253
CN_equal_2,minor,clone9,chisel_5x_acCNA,0.5127423389618512,0.24364644643282413,0.7175438596491228,0.15126050420168066,0.23076923076923078,0.18274111675126906,0.02086934255169326,0.2824561403508772,0.7947154471544715,0.15126050420168066,0.8669623059866962
CN_equal_2,major,normal,chisel_5x_acCNA,,,1.0,0.0,0.0,0.0,,0.0,,,
CN_equal_2,major,clone1,chisel_5x_acCNA,0.513611615245009,0.07543859649122808,0.9438596491228071,0.06666666666666667,0.05263157894736842,0.058823529411764705,0.030303030303030276,0.056140350877192984,0.9745916515426497,0.06666666666666667,0.9675675675675676
CN_equal_2,major,clone2,chisel_5x_acCNA,0.5310150375939849,0.15653021442495124,0.9,0.14814814814814814,0.10526315789473684,0.12307692307692308,0.07166123778501632,0.1,0.956766917293233,0.14814814814814814,0.9373848987108656
CN_equal_2,major,clone3,chisel_5x_acCNA,0.5132258270125565,0.09816696914700546,0.9122807017543859,0.08,0.06896551724137931,0.07407407407407408,0.028298670303443574,0.08771929824561403,0.9574861367837338,0.08,0.9504587155963303
CN_equal_2,major,clone4,chisel_5x_acCNA,0.4572649572649572,0.05448717948717949,0.8298245614035088,0.016666666666666666,0.02564102564102564,0.0202020202020202,-0.06840579710144934,0.17017543859649123,0.8888888888888888,0.016666666666666666,0.9254901960784314
CN_equal_2,major,clone5,chisel_5x_acCNA,0.5034782962450673,0.13389324374766703,0.8350877192982457,0.08771929824561403,0.10638297872340426,0.09615384615384616,0.006342494714587699,0.1649122807017544,0.9005736137667304,0.08771929824561403,0.9181286549707602
CN_equal_2,major,clone6,chisel_5x_acCNA,0.5248737748737748,0.17304318488529014,0.8596491228070176,0.15,0.11538461538461539,0.13043478260869565,0.05550952775476381,0.14035087719298245,0.9343629343629344,0.15,0.9132075471698113
CN_equal_2,major,clone7,chisel_5x_acCNA,0.5122155196051549,0.15921681934092874,0.8180701754385965,0.10189228529839883,0.14285714285714285,0.118946474086661,0.020667236614509865,0.1819298245614035,0.881573896353167,0.10189228529839883,0.9162178336325554
CN_equal_2,major,clone8,chisel_5x_acCNA,0.5012620719929762,0.15679780079000746,0.7614035087719299,0.0603448275862069,0.20588235294117646,0.09333333333333334,0.001185383703551146,0.23859649122807017,0.7966417910447762,0.0603448275862069,0.9405286343612335
CN_equal_2,major,clone9,chisel_5x_acCNA,0.5444607843137255,0.23311359150087607,0.8019298245614035,0.16561314791403287,0.21833333333333332,0.18835370237239396,0.07797120137545666,0.19807017543859648,0.8705882352941177,0.16561314791403287,0.9044611937258097
CN_equal_3,minor,normal,chisel_5x_acCNA,,,1.0,0.0,0.0,0.0,,0.0,,,
CN_equal_3,minor,clone1,chisel_5x_acCNA,0.5177120938628159,0.0756578947368421,0.9473684210526315,0.0625,0.0625,0.0625,0.03542418772563172,0.05263157894736842,0.9729241877256317,0.0625,0.9729241877256317
CN_equal_3,minor,clone2,chisel_5x_acCNA,0.5218168279970217,0.09663834178688273,0.9571929824561404,0.10638297872340426,0.058823529411764705,0.07575757575757576,0.05570190923657703,0.04280701754385965,0.9848101265822785,0.10638297872340426,0.9714591509097396
CN_equal_3,minor,clone3,chisel_5x_acCNA,0.5412390847090318,0.14971887121454752,0.9035087719298246,0.11764705882352941,0.13793103448275862,0.126984126984127,0.07625670340031832,0.09649122807017543,0.944547134935305,0.11764705882352941,0.9533582089552238
CN_equal_3,minor,clone4,chisel_5x_acCNA,0.48977695167286245,0.028070175438596492,0.9245614035087719,0.0,0.0,0.0,-0.02957237671175328,0.07543859649122807,0.9795539033457249,0.0,0.9427549194991055
CN_equal_3,minor,clone5,chisel_5x_acCNA,0.4925763574660634,0.0578272604588394,0.9052631578947369,0.03333333333333333,0.038461538461538464,0.03571428571428572,-0.01383399209486158,0.09473684210526316,0.9466911764705882,0.03333333333333333,0.9537037037037037
CN_equal_3,minor,clone6,chisel_5x_acCNA,0.5168518518518518,0.10839978734715575,0.9196491228070175,0.10101010101010101,0.06666666666666667,0.08032128514056225,0.040150011030222754,0.08035087719298245,0.967037037037037,0.10101010101010101,0.9491094147582697
CN_equal_3,minor,clone7,chisel_5x_acCNA,0.48794063079777367,0.027192982456140352,0.9228070175438596,0.0,0.0,0.0,-0.03320425146247019,0.07719298245614035,0.9758812615955473,0.0,0.9443447037701975
CN_equal_3,minor,clone8,chisel_5x_acCNA,0.5419787765293383,0.17569112174375331,0.8456140350877193,0.10606060606060606,0.19444444444444445,0.13725490196078433,0.060463025398965975,0.1543859649122807,0.8895131086142322,0.10606060606060606,0.9424603174603174
CN_equal_3,minor,clone9,chisel_5x_acCNA,0.4828484485222924,0.07217257496461604,0.8649122807017544,0.038461538461538464,0.036585365853658534,0.0375,-0.035092684307344024,0.13508771929824562,0.9291115311909263,0.038461538461538464,0.9256120527306968
CN_equal_3,major,normal,chisel_5x_acCNA,,,1.0,0.0,0.0,0.0,,0.0,,,
CN_equal_3,major,clone1,chisel_5x_acCNA,0.5024539486264261,0.07121454752499912,0.9228070175438596,0.058823529411764705,0.034482758620689655,0.043478260869565216,0.006102877070619073,0.07719298245614035,0.9704251386321626,0.058823529411764705,0.9493670886075949
CN_equal_3,major,clone2,chisel_5x_acCNA,0.4984844491302056,0.06426862611073138,0.9157894736842105,0.045454545454545456,0.03571428571428571,0.04,-0.003373918145812116,0.08421052631578947,0.9612546125461254,0.045454545454545456,0.9507299270072993
CN_equal_3,major,clone3,chisel_5x_acCNA,0.5027936507936509,0.11205145506764941,0.8719298245614036,0.08579881656804733,0.06444444444444444,0.07360406091370558,0.006304628170225035,0.1280701754385965,0.9411428571428572,0.08579881656804733,0.9214845207012309
CN_equal_3,major,clone4,chisel_5x_acCNA,0.5033018867924528,0.09833333333333333,0.8929824561403509,0.08,0.05,0.061538461538461535,0.00798858773181177,0.10701754385964912,0.9566037735849057,0.08,0.9302752293577982
CN_equal_3,major,clone5,chisel_5x_acCNA,0.4914016591773246,0.07181020733652313,0.887719298245614,0.045454545454545456,0.022727272727272728,0.030303030303030307,-0.022306916264992704,0.11228070175438597,0.9600760456273765,0.045454545454545456,0.9215328467153284
CN_equal_3,major,clone6,chisel_5x_acCNA,0.4760852317805735,0.06755245958032335,0.8508771929824561,0.027777777777777776,0.0196078431372549,0.022988505747126436,-0.0551417744675291,0.14912280701754385,0.9325626204238922,0.027777777777777776,0.9063670411985019
CN_equal_3,major,clone7,chisel_5x_acCNA,0.5152549177037334,0.15506454816285997,0.8578947368421053,0.13157894736842105,0.09433962264150944,0.10989010989010989,0.03494837172359022,0.14210526315789473,0.9361702127659575,0.13157894736842105,0.9097744360902256
CN_equal_3,major,clone8,chisel_5x_acCNA,0.49035314384151596,0.07581320450885667,0.8757894736842106,0.043478260869565216,0.014814814814814815,0.022099447513812157,-0.02737215128001469,0.12421052631578948,0.9658914728682171,0.043478260869565216,0.9035532994923858
CN_equal_3,major,clone9,chisel_5x_acCNA,0.46559806034482754,0.08321506857156324,0.8103508771929825,0.03525046382189239,0.032758620689655175,0.03395889186773905,-0.07103002576020412,0.18964912280701754,0.8984375,0.03525046382189239,0.8913001356326293
CN_equal_4,minor,normal,chisel_5x_acCNA,,,1.0,0.0,0.0,0.0,,0.0,,,
CN_equal_4,minor,clone1,chisel_5x_acCNA,,,0.9894736842105263,0.0,0.0,0.0,0.0,0.010526315789473684,,,
CN_equal_4,minor,clone2,chisel_5x_acCNA,0.495583038869258,0.0035087719298245615,0.9842105263157894,0.0,0.0,0.0,-0.007858546168958869,0.015789473684210527,0.991166077738516,0.0,0.9929203539823008
CN_equal_4,minor,clone3,chisel_5x_acCNA,0.4891500904159132,0.014912280701754385,0.9491228070175438,0.0,0.0,0.0,-0.025307033866765805,0.05087719298245614,0.9783001808318263,0.0,0.9695340501792115
CN_equal_4,minor,clone4,chisel_5x_acCNA,0.4910071942446043,0.012280701754385965,0.9578947368421052,0.0,0.0,0.0,-0.020895522388059806,0.042105263157894736,0.9820143884892086,0.0,0.975
CN_equal_4,minor,clone5,chisel_5x_acCNA,0.5168181818181818,0.09166666666666667,0.9508771929824561,0.1,0.05,0.06666666666666667,0.04431137724550904,0.04912280701754386,0.9836363636363636,0.1,0.9660714285714286
CN_equal_4,minor,clone6,chisel_5x_acCNA,0.5240236382322714,0.08283208020050124,0.9543859649122807,0.07142857142857142,0.07142857142857142,0.07142857142857142,0.04804727646454254,0.0456140350877193,0.9766187050359713,0.07142857142857142,0.9766187050359713
CN_equal_4,minor,clone7,chisel_5x_acCNA,0.4901785714285714,0.008771929824561403,0.9631578947368421,0.0,0.0,0.0,-0.018723404255319043,0.03684210526315789,0.9803571428571428,0.0,0.9821109123434705
CN_equal_4,minor,clone8,chisel_5x_acCNA,0.4890310786106033,0.02017543859649123,0.9385964912280702,0.0,0.0,0.0,-0.028456541911537236,0.06140350877192982,0.9780621572212066,0.0,0.9587813620071685
CN_equal_4,minor,clone9,chisel_5x_acCNA,0.5049420137058513,0.07487468671679198,0.9280701754385965,0.06666666666666667,0.03571428571428571,0.046511627906976744,0.012674271229404344,0.07192982456140351,0.974169741697417,0.06666666666666667,0.9513513513513514
CN_equal_4,major,normal,chisel_5x_acCNA,,,1.0,0.0,0.0,0.0,,0.0,,,
CN_equal_4,major,clone1,chisel_5x_acCNA,0.48538011695906436,0.12793522267206478,0.8035087719298246,0.07692307692307693,0.08771929824561403,0.0819672131147541,-0.02752293577981657,0.19649122807017544,0.8830409356725146,0.07692307692307693,0.897029702970297
CN_equal_4,major,clone2,chisel_5x_acCNA,0.5450313187743355,0.1661084529505582,0.8929824561403509,0.13157894736842105,0.15151515151515152,0.14084507042253522,0.08408408408408408,0.10701754385964912,0.9385474860335196,0.13157894736842105,0.9473684210526315
CN_equal_4,major,clone3,chisel_5x_acCNA,0.48270191923230704,0.20631094844453837,0.7049122807017544,0.12259194395796848,0.17073170731707318,0.14271151885830785,-0.029738403440409344,0.2950877192982456,0.794672131147541,0.12259194395796848,0.8508117595436595
CN_equal_4,major,clone4,chisel_5x_acCNA,0.48273074661963544,0.20156641604010025,0.7140350877192982,0.12380952380952381,0.15476190476190477,0.1375661375661376,-0.03130203130203135,0.28596491228070176,0.8106995884773662,0.12380952380952381,0.8473118279569892
CN_equal_4,major,clone5,chisel_5x_acCNA,0.5617588932806324,0.26710526315789473,0.8035087719298246,0.2,0.25,0.22222222222222224,0.1113585746102449,0.19649122807017544,0.8735177865612648,0.2,0.9020408163265307
CN_equal_4,major,clone6,chisel_5x_acCNA,0.5037013662013662,0.1539576966306918,0.8070175438596491,0.09610027855153204,0.1326923076923077,0.11147011308562196,0.0063202469777555725,0.19298245614035087,0.8747104247104247,0.09610027855153204,0.909474106784424
CN_equal_4,major,clone7,chisel_5x_acCNA,0.5273640916779992,0.1973386856972941,0.8649122807017544,0.2,0.1016949152542373,0.1348314606741573,0.0699300699300699,0.13508771929824562,0.9530332681017613,0.2,0.9018518518518519
CN_equal_4,major,clone8,chisel_5x_acCNA,0.49850426919117496,0.25857062177770485,0.6989473684210527,0.18518518518518517,0.17757009345794392,0.18129770992366415,-0.003039513677811634,0.30105263157894735,0.8194384449244061,0.18518518518518517,0.811724433033804
CN_equal_4,major,clone9,chisel_5x_acCNA,0.5193939393939393,0.24148325358851674,0.7350877192982456,0.15454545454545454,0.22666666666666666,0.18378378378378377,0.03237774030354135,0.2649122807017544,0.8121212121212121,0.15454545454545454,0.8739130434782608
CN_equal_5,minor,normal,chisel_5x_acCNA,,,1.0,0.0,0.0,0.0,,0.0,,,
CN_equal_5,minor,clone1,chisel_5x_acCNA,,,1.0,0.0,0.0,0.0,,0.0,,,
CN_equal_5,minor,clone2,chisel_5x_acCNA,,,0.9982456140350877,0.0,0.0,0.0,0.0,0.0017543859649122807,,,
CN_equal_5,minor,clone3,chisel_5x_acCNA,,,0.9842105263157894,0.0,0.0,0.0,0.0,0.015789473684210527,,,
CN_equal_5,minor,clone4,chisel_5x_acCNA,,,0.9912280701754386,0.0,0.0,0.0,0.0,0.008771929824561403,,,
CN_equal_5,minor,clone5,chisel_5x_acCNA,,,0.9912280701754386,0.0,0.0,0.0,0.0,0.008771929824561403,,,
CN_equal_5,minor,clone6,chisel_5x_acCNA,0.49911504424778763,0.0043859649122807015,0.9894736842105263,0.0,0.0,0.0,-0.0029325513196480912,0.010526315789473684,0.9982300884955753,0.0,0.9912126537785588
CN_equal_5,minor,clone7,chisel_5x_acCNA,,,0.9894736842105263,0.0,0.0,0.0,0.0,0.010526315789473684,,,
CN_equal_5,minor,clone8,chisel_5x_acCNA,0.49909584086799275,0.014912280701754385,0.968421052631579,0.0,0.0,0.0,-0.0033248582045766195,0.031578947368421054,0.9981916817359855,0.0,0.9701230228471002
CN_equal_5,minor,clone9,chisel_5x_acCNA,,,0.987719298245614,0.0,0.0,0.0,0.0,0.012280701754385965,,,
CN_equal_5,major,normal,chisel_5x_acCNA,,,1.0,0.0,0.0,0.0,,0.0,,,
CN_equal_5,major,clone1,chisel_5x_acCNA,0.5310990338164251,0.10407340189554345,0.9245614035087719,0.06896551724137931,0.1111111111111111,0.0851063829787234,0.048007457469121495,0.07543859649122807,0.9510869565217391,0.06896551724137931,0.9704251386321626
CN_equal_5,major,clone2,chisel_5x_acCNA,0.5343119266055046,0.12768534238822862,0.9122807017543859,0.0967741935483871,0.12,0.10714285714285714,0.06157392163319064,0.08771929824561403,0.9486238532110092,0.0967741935483871,0.9591836734693877
CN_equal_5,major,clone3,chisel_5x_acCNA,0.4951267056530214,0.11654135338345865,0.8491228070175438,0.08571428571428572,0.05263157894736842,0.06521739130434782,-0.0117647058823529,0.15087719298245614,0.9376218323586745,0.08571428571428572,0.8990654205607477
CN_equal_5,major,clone4,chisel_5x_acCNA,0.48667527317995296,0.06513998410660798,0.8824561403508772,0.03571428571428571,0.024390243902439025,0.028985507246376812,-0.031214559593886637,0.11754385964912281,0.9489603024574669,0.03571428571428571,0.9261992619926199
CN_equal_5,major,clone5,chisel_5x_acCNA,0.5434340868681737,0.2299377475947934,0.8298245614035088,0.19298245614035087,0.1774193548387097,0.18487394957983191,0.09005628517823638,0.17017543859649123,0.9094488188976378,0.19298245614035087,0.9005847953216374
CN_equal_5,major,clone6,chisel_5x_acCNA,0.5236045281836342,0.16531546945746162,0.8557894736842105,0.13274336283185842,0.12244897959183673,0.12738853503184713,0.048927826178741696,0.14421052631578948,0.9247600767754318,0.13274336283185842,0.9180640243902439
CN_equal_5,major,clone7,chisel_5x_acCNA,0.49709591769001,0.12877427682919673,0.8228070175438597,0.07692307692307693,0.10869565217391304,0.09009009009009009,-0.004887414906615373,0.17719298245614035,0.8854961832061069,0.07692307692307693,0.9188118811881189
CN_equal_5,major,clone8,chisel_5x_acCNA,0.4924089068825911,0.19049707602339183,0.7473684210526316,0.12222222222222222,0.14473684210526316,0.13253012048192772,-0.014084507042253502,0.25263157894736843,0.840080971659919,0.12222222222222222,0.8645833333333334
CN_equal_5,major,clone9,chisel_5x_acCNA,0.4748557730302152,0.11630769379929515,0.7929824561403509,0.06382978723404255,0.03896103896103896,0.04838709677419355,-0.06018095268118917,0.20701754385964913,0.9107505070993914,0.06382978723404255,0.858508604206501
CN_equal_6,minor,normal,chisel_5x_acCNA,,,1.0,0.0,0.0,0.0,,0.0,,,
CN_equal_6,minor,clone1,chisel_5x_acCNA,,,1.0,0.0,0.0,0.0,,0.0,,,
CN_equal_6,minor,clone2,chisel_5x_acCNA,,,1.0,0.0,0.0,0.0,,0.0,,,
CN_equal_6,minor,clone3,chisel_5x_acCNA,,,1.0,0.0,0.0,0.0,,0.0,,,
CN_equal_6,minor,clone4,chisel_5x_acCNA,,,1.0,0.0,0.0,0.0,,0.0,,,
CN_equal_6,minor,clone5,chisel_5x_acCNA,,,1.0,0.0,0.0,0.0,,0.0,,,
CN_equal_6,minor,clone6,chisel_5x_acCNA,,,1.0,0.0,0.0,0.0,,0.0,,,
CN_equal_6,minor,clone7,chisel_5x_acCNA,,,1.0,0.0,0.0,0.0,,0.0,,,
CN_equal_6,minor,clone8,chisel_5x_acCNA,,,0.9964912280701754,0.0,0.0,0.0,0.0,0.0035087719298245615,,,
CN_equal_6,minor,clone9,chisel_5x_acCNA,,,0.9982456140350877,0.0,0.0,0.0,0.0,0.0017543859649122807,,,
CN_equal_6,major,normal,chisel_5x_acCNA,,,1.0,0.0,0.0,0.0,,0.0,,,
CN_equal_6,major,clone1,chisel_5x_acCNA,,,0.9964912280701754,0.0,0.0,0.0,0.0,0.0035087719298245615,,,
CN_equal_6,major,clone2,chisel_5x_acCNA,,,0.9982456140350877,0.0,0.0,0.0,0.0,0.0017543859649122807,,,
CN_equal_6,major,clone3,chisel_5x_acCNA,0.5973451327433629,0.22850877192982458,0.987719298245614,0.25,0.2,0.22222222222222224,0.21611001964636534,0.012280701754385965,0.9946902654867257,0.25,0.9929328621908127
CN_equal_6,major,clone4,chisel_5x_acCNA,,,0.9912280701754386,0.0,0.0,0.0,0.0,0.008771929824561403,,,
CN_equal_6,major,clone5,chisel_5x_acCNA,0.4982300884955752,0.0043859649122807015,0.987719298245614,0.0,0.0,0.0,-0.005037783375314797,0.012280701754385965,0.9964601769911504,0.0,0.9911971830985915
CN_equal_6,major,clone6,chisel_5x_acCNA,0.49734513274336284,0.0043859649122807015,0.9859649122807017,0.0,0.0,0.0,-0.0066225165562914245,0.014035087719298246,0.9946902654867257,0.0,0.9911816578483245
CN_equal_6,major,clone7,chisel_5x_acCNA,,,0.9912280701754386,0.0,0.0,0.0,0.0,0.008771929824561403,,,
CN_equal_6,major,clone8,chisel_5x_acCNA,0.4819168173598553,0.014912280701754385,0.9350877192982456,0.0,0.0,0.0,-0.0333170014698676,0.06491228070175438,0.9638336347197106,0.0,0.9690909090909091
CN_equal_6,major,clone9,chisel_5x_acCNA,0.49555160142348753,0.007017543859649123,0.9771929824561404,0.0,0.0,0.0,-0.01091405184174632,0.02280701754385965,0.9911032028469751,0.0,0.9858407079646018
CN_equal_7,minor,normal,chisel_5x_acCNA,,,1.0,0.0,0.0,0.0,,0.0,,,
CN_equal_7,minor,clone1,chisel_5x_acCNA,,,1.0,0.0,0.0,0.0,,0.0,,,
CN_equal_7,minor,clone2,chisel_5x_acCNA,,,1.0,0.0,0.0,0.0,,0.0,,,
CN_equal_7,minor,clone3,chisel_5x_acCNA,,,1.0,0.0,0.0,0.0,,0.0,,,
CN_equal_7,minor,clone4,chisel_5x_acCNA,,,1.0,0.0,0.0,0.0,,0.0,,,
CN_equal_7,minor,clone5,chisel_5x_acCNA,,,1.0,0.0,0.0,0.0,,0.0,,,
CN_equal_7,minor,clone6,chisel_5x_acCNA,,,1.0,0.0,0.0,0.0,,0.0,,,
CN_equal_7,minor,clone7,chisel_5x_acCNA,,,1.0,0.0,0.0,0.0,,0.0,,,
CN_equal_7,minor,clone8,chisel_5x_acCNA,,,1.0,0.0,0.0,0.0,,0.0,,,
CN_equal_7,minor,clone9,chisel_5x_acCNA,,,1.0,0.0,0.0,0.0,,0.0,,,
CN_equal_7,major,normal,chisel_5x_acCNA,,,1.0,0.0,0.0,0.0,,0.0,,,
CN_equal_7,major,clone1,chisel_5x_acCNA,,,0.9982456140350877,0.0,0.0,0.0,0.0,0.0017543859649122807,,,
CN_equal_7,major,clone2,chisel_5x_acCNA,,,0.9964912280701754,0.0,0.0,0.0,0.0,0.0035087719298245615,,,
CN_equal_7,major,clone3,chisel_5x_acCNA,,,0.9929824561403509,0.0,0.0,0.0,0.0,0.007017543859649123,,,
CN_equal_7,major,clone4,chisel_5x_acCNA,,,0.9982456140350877,0.0,0.0,0.0,0.0,0.0017543859649122807,,,
CN_equal_7,major,clone5,chisel_5x_acCNA,,,0.9947368421052631,0.0,0.0,0.0,0.0,0.005263157894736842,,,
CN_equal_7,major,clone6,chisel_5x_acCNA,,,0.9964912280701754,0.0,0.0,0.0,0.0,0.0035087719298245615,,,
CN_equal_7,major,clone7,chisel_5x_acCNA,,,0.9947368421052631,0.0,0.0,0.0,0.0,0.005263157894736842,,,
CN_equal_7,major,clone8,chisel_5x_acCNA,0.4964601769911504,0.0043859649122807015,0.9842105263157894,0.0,0.0,0.0,-0.007858546168958869,0.015789473684210527,0.9929203539823008,0.0,0.991166077738516
CN_equal_7,major,clone9,chisel_5x_acCNA,,,0.9929824561403509,0.0,0.0,0.0,0.0,0.007017543859649123,,,
CN_equal_8,minor,normal,chisel_5x_acCNA,,,1.0,0.0,0.0,0.0,,0.0,,,
CN_equal_8,minor,clone1,chisel_5x_acCNA,,,1.0,0.0,0.0,0.0,,0.0,,,
CN_equal_8,minor,clone2,chisel_5x_acCNA,,,1.0,0.0,0.0,0.0,,0.0,,,
CN_equal_8,minor,clone3,chisel_5x_acCNA,,,1.0,0.0,0.0,0.0,,0.0,,,
CN_equal_8,minor,clone4,chisel_5x_acCNA,,,1.0,0.0,0.0,0.0,,0.0,,,
CN_equal_8,minor,clone5,chisel_5x_acCNA,,,1.0,0.0,0.0,0.0,,0.0,,,
CN_equal_8,minor,clone6,chisel_5x_acCNA,,,1.0,0.0,0.0,0.0,,0.0,,,
CN_equal_8,minor,clone7,chisel_5x_acCNA,,,1.0,0.0,0.0,0.0,,0.0,,,
CN_equal_8,minor,clone8,chisel_5x_acCNA,,,1.0,0.0,0.0,0.0,,0.0,,,
CN_equal_8,minor,clone9,chisel_5x_acCNA,,,1.0,0.0,0.0,0.0,,0.0,,,
CN_equal_8,major,normal,chisel_5x_acCNA,,,1.0,0.0,0.0,0.0,,0.0,,,
CN_equal_8,major,clone1,chisel_5x_acCNA,,,0.9964912280701754,0.0,0.0,0.0,0.0,0.0035087719298245615,,,
CN_equal_8,major,clone2,chisel_5x_acCNA,,,1.0,0.0,0.0,0.0,,0.0,,,
CN_equal_8,major,clone3,chisel_5x_acCNA,,,0.9947368421052631,0.0,0.0,0.0,0.0,0.005263157894736842,,,
CN_equal_8,major,clone4,chisel_5x_acCNA,,,0.9964912280701754,0.0,0.0,0.0,0.0,0.0035087719298245615,,,
CN_equal_8,major,clone5,chisel_5x_acCNA,,,0.9982456140350877,0.0,0.0,0.0,0.0,0.0017543859649122807,,,
CN_equal_8,major,clone6,chisel_5x_acCNA,,,0.9982456140350877,0.0,0.0,0.0,0.0,0.0017543859649122807,,,
CN_equal_8,major,clone7,chisel_5x_acCNA,,,1.0,0.0,0.0,0.0,,0.0,,,
CN_equal_8,major,clone8,chisel_5x_acCNA,,,0.9947368421052631,0.0,0.0,0.0,0.0,0.005263157894736842,,,
CN_equal_8,major,clone9,chisel_5x_acCNA,,,0.9982456140350877,0.0,0.0,0.0,0.0,0.0017543859649122807,,,
CN_over_9,minor,normal,chisel_5x_acCNA,,,1.0,0.0,0.0,0.0,,0.0,,,
CN_over_9,minor,clone1,chisel_5x_acCNA,,,1.0,0.0,0.0,0.0,,0.0,,,
CN_over_9,minor,clone2,chisel_5x_acCNA,,,1.0,0.0,0.0,0.0,,0.0,,,
CN_over_9,minor,clone3,chisel_5x_acCNA,,,1.0,0.0,0.0,0.0,,0.0,,,
CN_over_9,minor,clone4,chisel_5x_acCNA,,,1.0,0.0,0.0,0.0,,0.0,,,
CN_over_9,minor,clone5,chisel_5x_acCNA,,,1.0,0.0,0.0,0.0,,0.0,,,
CN_over_9,minor,clone6,chisel_5x_acCNA,,,1.0,0.0,0.0,0.0,,0.0,,,
CN_over_9,minor,clone7,chisel_5x_acCNA,,,1.0,0.0,0.0,0.0,,0.0,,,
CN_over_9,minor,clone8,chisel_5x_acCNA,,,1.0,0.0,0.0,0.0,,0.0,,,
CN_over_9,minor,clone9,chisel_5x_acCNA,,,1.0,0.0,0.0,0.0,,0.0,,,
CN_over_9,major,normal,chisel_5x_acCNA,,,1.0,0.0,0.0,0.0,,0.0,,,
CN_over_9,major,clone1,chisel_5x_acCNA,,,0.9982456140350877,0.0,0.0,0.0,0.0,0.0017543859649122807,,,
CN_over_9,major,clone2,chisel_5x_acCNA,0.7491197183098591,0.5008771929824561,0.9964912280701754,0.5,0.5,0.5,0.49823943661971837,0.0035087719298245615,0.9982394366197183,0.5,0.9982394366197183
CN_over_9,major,clone3,chisel_5x_acCNA,,,0.9982456140350877,0.0,0.0,0.0,0.0,0.0017543859649122807,,,
CN_over_9,major,clone4,chisel_5x_acCNA,,,0.9982456140350877,0.0,0.0,0.0,0.0,0.0017543859649122807,,,
CN_over_9,major,clone5,chisel_5x_acCNA,0.6657848324514991,0.41842105263157897,0.9947368421052631,0.5,0.3333333333333333,0.4,0.39746300211416496,0.005263157894736842,0.9982363315696648,0.5,0.9964788732394366
CN_over_9,major,clone6,chisel_5x_acCNA,0.7491197183098591,0.5008771929824561,0.9964912280701754,0.5,0.5,0.5,0.49823943661971837,0.0035087719298245615,0.9982394366197183,0.5,0.9982394366197183
CN_over_9,major,clone7,chisel_5x_acCNA,0.7491197183098591,0.5008771929824561,0.9964912280701754,0.5,0.5,0.5,0.49823943661971837,0.0035087719298245615,0.9982394366197183,0.5,0.9982394366197183
CN_over_9,major,clone8,chisel_5x_acCNA,,,0.9947368421052631,0.0,0.0,0.0,0.0,0.005263157894736842,,,
CN_over_9,major,clone9,chisel_5x_acCNA,0.7491197183098591,0.5008771929824561,0.9964912280701754,0.5,0.5,0.5,0.49823943661971837,0.0035087719298245615,0.9982394366197183,0.5,0.9982394366197183
